{"accuracy": 0.9414634146341463, "precision": 0.9425162689804772, "recall": 0.8940329218106996, "f1_score": 0.9176346356916578}